файл,рука,сидов,1A2,2C9,2D6,3A4,МАКРО,выше пола,ниже пола,скрыто макро
shape,с формой,4,0.006031270387480914,-0.00032068888465733303,0.00867999236119528,-0.0008007659793896338,0.0033974519711573066,1,0,True
contrast,+ уровень,1,0.006343220118247672,0.007355873311270411,0.006745981800649503,-0.004380700143325811,0.004016093771710444,3,1,True
ncgc_w,+NCGC активные w0.1,1,0.02279525688751821,-0.0006876427063061685,0.00010504425859753086,-0.0029135522537938607,0.004824776546503928,1,0,True
ncgc_w,"+NCGC всё, с цензурой w0.3",1,0.025032803795228598,0.015312254815769588,-0.027641189427007884,-0.004528261876001971,0.0020439018269970827,2,2,True
loss,L1 по границам,1,0.007712538023648963,-0.019868224248165922,0.01834012606766844,-0.001651025194694733,0.0011333536621141865,2,1,True
agg,флаг,1,0.00809559477363192,-0.001094014050673553,0.012799146004935757,-0.0012684995651441877,0.004633056790687484,2,0,True
lipo,+ logD,1,0.01057631605008863,0.01250663321165868,-0.001423310040001069,-0.00102076740651047,0.005159717953808943,2,0,True
pool_nomech123,пул,3,0.009984563903639906,0.008935200263939161,0.02709647174447107,-0.011261559027067566,0.008688669221245641,3,1,True
poolwhy,"пул, глубина 8",1,0.002441658558829607,-0.02480384271855607,0.02161141027934349,-0.01333605744879185,-0.003521707832293705,1,2,True
dead123,L1 по метке,3,0.01163926471444667,-0.004730010352796521,0.005546559926192425,0.0001308553492197865,0.0031466674092655903,2,0,True
ncgc_w,+NCGC активные w0.3,1,0.013062702358379086,-0.011056123799666473,-0.02579614680896075,-0.00420632121490272,-0.006998972366287715,1,3,True
contrast,+ оба,1,0.007315056542495257,0.0030088751424695026,-0.000959435718339674,-0.0023158227876259874,0.0017621682947497747,1,0,True
ncgc,"+NCGC всё, с цензурой",1,0.004319324621810172,0.011272560342502458,-0.042253256138315376,-0.011991623979615396,-0.009663248788404535,1,2,True
contrast,+ контраст,1,-0.008816127998653334,-0.0013317040172873273,0.007160059249124551,-0.0028814390171052473,-0.0014673029459803394,1,1,True
pre_ibm_molformer_xl_both_10pct,база + эмбеддинг-64,1,-0.0067326281830780155,0.01177277929574927,-0.0005758547058304919,-0.009722077587741795,-0.0013144452952252583,1,2,True
agg,вес по структуре,1,0.007155220802331164,-0.002538200597369422,0.015066601251263911,-0.0019185695541426018,0.004441262975520763,2,0,True
agg,вес со скринингом,1,0.004578982570768775,-0.006304694127998056,0.014530835163892863,0.0037279114481745257,0.004133258763709527,2,0,True
aux,пул+скрининг,1,0.00846923537965577,0.01041623625844279,-0.0030447762735913986,3.5426664208193515e-05,0.003969030507178839,2,0,True
aux,пул+скрининг w0.3,1,0.000837883357744762,0.007544699631944818,-0.003281464800935774,-0.004722330116787354,9.46970179916129e-05,1,1,True
aux2,пул+скрининг mf1.0,1,-0.016356021086757433,-0.003895682450095639,0.010997526657894552,-0.006884045568760322,-0.0040345556119297105,1,2,True
poolwhy,"пул, глубина 5, 400 дер.",1,-0.01812160562449938,-0.033791167975173564,-0.011646282768249194,-0.019870948678625266,-0.02085750126163685,0,4,False
poolwhy,"пул, листья 31",1,0.0007108059092617025,-0.017350524891135533,0.004188573104213944,-0.01051352341532974,-0.005741167323247406,0,2,False
pre_ibm_molformer_xl_both_10pct,база + эмбеддинг,1,-0.03522501448899018,-0.01735066627900006,-0.022257996361957577,-0.030926665429492073,-0.026440085639859973,0,4,False
poolwhy,"пул, глубина 5",1,-0.021050410032148192,-0.044828600299165355,-0.01763940532066105,-0.023331449905593327,-0.02671246638939198,0,4,False
pre_deepchem_chemberta_77m_mtr,база + эмбеддинг-64,1,-0.006965887680458083,0.0024241797679960264,-0.00542209529178328,-0.008872970633676647,-0.004709193459480496,0,3,False
pool_nomech,пул,1,0.026528312522610842,0.0037829850111332775,0.03372042574086037,-0.004446535958528619,0.014896296829018968,2,1,False
pre_ibm_molformer_xl_both_10pct,эмбеддинг один,1,-0.11559074178297674,-0.11439071133761575,-0.1545028797831315,-0.1278616758307326,-0.12808650218361414,0,4,False
pool_all,пул,4,0.015666848011624768,0.007090177236474621,0.03742858310937815,-0.005660242966975176,0.01363134134762559,2,1,False
pool123,пул,3,0.01666999201335656,0.007547559437148836,0.035868424602923575,-0.006259958139037014,0.013456504478597989,3,1,False
seeds,FP+DESC,3,0.0021469447620137507,-0.015139910549742286,-0.043231759517931324,-0.0007846501214907967,-0.014252343856787664,0,2,False
pool,пул,1,0.01265741600642939,0.005718030634451976,0.04210905862874187,-0.0038610974507896634,0.014155851954708393,2,1,False
pre_deepchem_chemberta_77m_mtr,эмбеддинг один,1,-0.1433534898917097,-0.14978174520922782,-0.09536671543978231,-0.12271198662706817,-0.127803484291947,0,4,False
pre_deepchem_chemberta_77m_mtr,база + эмбеддинг,1,-0.026218679529843858,-0.006514864360683381,-0.020564514326720185,-0.013455171954541711,-0.016688307542947284,0,3,False
poolwhy,"независимо, листья 31",1,-0.004059628309204977,-0.004121077328020473,-0.00891737485430133,0.0024519415334686157,-0.003661534739514541,0,1,False
acid,с кислотами,4,0.001217017424849337,-0.0023058381254865423,-0.002472536206647946,-0.0005779289693432221,-0.0010348214691570934,0,0,False
ncgc,+NCGC активные+2C19,1,0.004456773042792905,-0.025710778002559276,-0.06096240951524218,-0.02091342572902477,-0.02578246005100833,0,3,False
ncgc,"+NCGC активные, перемешанный",1,-0.0012407911635973212,-0.030494602461721088,-0.0724296337949411,-0.024202585852968195,-0.03209190331830693,0,3,False
aux,пул,1,-0.021050410032148192,-0.044828600299165355,-0.01763940532066105,-0.023331449905593327,-0.02671246638939198,0,4,False
aux,"пул+скрининг, перемешанный",1,-0.007015300057447826,-0.06030120591971744,-0.021922789414012656,-0.040002455924799674,-0.0323104378289944,0,4,False
aux2,независимо+скрининг,1,0.012063793987421634,0.05825203766776299,0.006081735165862023,0.021672593998167677,0.02451754020480358,4,0,False
aux2,пул mf1.0,1,-0.015927081415284206,-0.03151371487734578,-0.02947809735305329,-0.02997959276861195,-0.026724621603573806,0,4,False
dead,L1 по метке,1,0.004867937557947621,-0.013571849382109646,-0.0012463278432714442,-0.002756856572975419,-0.003176774060102222,0,1,False
dead,мёртвая зона x1,1,0.03845154637103715,0.033433671587774993,0.0436806543569761,-0.00644178859868938,0.027281020929274716,3,1,False
dead,мёртвая зона x2,1,0.03788073367132477,0.01790219771599788,0.05120746062026166,-0.005522034581569857,0.025367089356503614,3,1,False
dead,мёртвая зона x3,1,0.03147869782001095,0.01841867627365157,0.051310622649499704,-0.007423821762696403,0.023446043745116454,3,1,False
dead123,мёртвая зона x1,3,0.040700839659026246,0.04310836620082755,0.05520954777776216,0.00554054719625426,0.036139825208467556,4,0,False
emb,EMB,1,-0.05000675349374417,-0.04548164822280831,-0.009606336370245605,-0.04249686156792365,-0.036897899913680435,0,4,False
emb,EMB+MECH,1,-0.049302661222660527,-0.051764591241745705,0.024785176157529898,-0.04060517672381325,-0.029221813257672397,1,3,False
ext,внешние как есть,1,-0.004848870825522045,-0.032707865469107644,6.778405429735956e-05,-0.010698330168634529,-0.012046820602241715,0,2,False
ext,сдвиг по парным,1,-0.007482927335335621,-0.04401305813071554,-0.002304247422121486,-0.0008731953064279319,-0.013668357048650145,0,2,False
ext,сдвиг по маргинали,1,-0.009004676797082,-0.06534813622799907,0.0035564231510620825,-0.04310111908253422,-0.0284743772391383,0,3,False
lipo,мишень LipE,1,-0.02898808724795232,-0.019127776002260455,-0.02227874921927042,0.0011462195655225216,-0.01731209822599017,0,3,False
loss,L1 по метке,1,0.004867937557947621,-0.013571849382109646,-0.0012463278432714442,-0.002756856572975419,-0.003176774060102222,0,1,False
ncgc,+NCGC активные,1,0.009335639977431365,-0.01190235279020746,-0.04861397291864805,-0.019195408929582602,-0.017594023665251687,1,3,False
lipo,+ logD и LipE,1,-0.017471201145702053,-0.016960656338302127,-0.016083272608681032,0.0018465057872099067,-0.012167156076368826,0,3,False
