series,size,anchor,anchor_meansim,anchor_maxsim,CYP1A2,CYP2C9,CYP2D6,CYP3A4
1,2,4778,0.491,0.492,,,,6.12316442
2,4,4778,0.488,0.493,,,,6.12316442
3,1,4778,0.466,0.466,,,,6.12316442
4,2,4752,0.541,0.556,,,,4.211382767
5,3,4752,0.48,0.5,,,,4.211382767
6,1,1248,0.422,0.422,,,,5.746158982
7,2,4784,0.439,0.455,,,,3.416967683
8,14,4715,0.629,0.894,,,,3.32945167
9,1,1248,0.547,0.547,,,,5.746158982
10,3,944,0.517,0.542,5.415105497,5.914623525,2.052914187,
11,1,944,0.5,0.5,5.415105497,5.914623525,2.052914187,
12,1,944,0.477,0.477,5.415105497,5.914623525,2.052914187,
13,1,944,0.516,0.516,5.415105497,5.914623525,2.052914187,
14,2,4416,0.496,0.569,,,,4.877370508
15,1,2315,0.542,0.542,,5.916701148,,5.9941916
16,1,944,0.483,0.483,5.415105497,5.914623525,2.052914187,
17,20,4703,0.686,0.85,,,,5.48175593
18,3,3192,0.622,0.689,,5.030292222,,6.075636388
19,1,3192,0.59,0.59,,5.030292222,,6.075636388
20,6,3192,0.586,0.649,,5.030292222,,6.075636388
21,1,3782,0.54,0.54,,,,6.550253937
22,1,3782,0.517,0.517,,,,6.550253937
23,7,3782,0.542,0.566,,,,6.550253937
24,1,3782,0.534,0.534,,,,6.550253937
25,4,603,0.522,0.556,,6.087979192,,4.632807945
26,1,603,0.547,0.547,,6.087979192,,4.632807945
27,3,603,0.538,0.574,,6.087979192,,4.632807945
28,1,603,0.509,0.509,,6.087979192,,4.632807945
29,1,603,0.538,0.538,,6.087979192,,4.632807945
30,10,3157,0.583,0.681,3.227332695,6.492068782,,
31,2,3199,0.496,0.508,5.172316588,6.84774712,4.143071928,6.41252839
32,8,1677,0.547,0.593,4.35866423,,5.431971727,
33,10,3180,0.598,0.774,,6.298419715,4.792809792,
34,2,127,0.598,0.604,1.96732382,,2.584787373,5.756632872
35,1,134,0.517,0.517,6.540418253,,,
36,2,128,0.559,0.627,6.994413592,,,
37,4,128,0.571,0.6,6.994413592,,,
38,1,128,0.614,0.614,6.994413592,,,
39,10,390,0.595,0.648,,,,6.650677757
40,4,3232,0.523,0.541,,,,6.168070013
41,4,1660,0.529,0.583,4.01257303,,,6.227752448
42,3,1660,0.503,0.516,4.01257303,,,6.227752448
43,1,1660,0.54,0.54,4.01257303,,,6.227752448
44,1,1660,0.562,0.562,4.01257303,,,6.227752448
45,1,1660,0.522,0.522,4.01257303,,,6.227752448
46,4,4209,0.463,0.541,,,,2.21548035
47,3,4209,0.537,0.548,,,,2.21548035
48,1,4209,0.588,0.588,,,,2.21548035
49,1,4270,0.516,0.516,4.236983705,,,
50,1,4353,0.318,0.318,,3.366181195,,3.467287302
51,10,2920,0.78,0.952,,6.86453859,3.58770821,
52,8,686,0.559,0.61,,6.100596402,5.471543947,6.29576257
53,1,686,0.531,0.531,,6.100596402,5.471543947,6.29576257
54,1,686,0.603,0.603,,6.100596402,5.471543947,6.29576257
55,9,1350,0.534,0.569,6.016780778,5.096937387,,4.95506759
56,1,1350,0.509,0.509,6.016780778,5.096937387,,4.95506759
57,2,1724,0.689,0.689,5.22074284,6.059388985,4.654289807,5.675257702
58,6,1724,0.55,0.661,5.22074284,6.059388985,4.654289807,5.675257702
59,1,1724,0.478,0.478,5.22074284,6.059388985,4.654289807,5.675257702
60,1,1724,0.515,0.515,5.22074284,6.059388985,4.654289807,5.675257702
61,10,850,0.627,0.645,6.15710088,6.342312325,4.515868185,5.719062883
62,5,1502,0.54,0.562,,7.47301149,5.740053708,
63,4,1502,0.55,0.569,,7.47301149,5.740053708,
64,9,4056,0.667,0.703,5.18644016,6.35345312,,4.823696855
65,1,4056,0.661,0.661,5.18644016,6.35345312,,4.823696855
66,9,818,0.619,0.645,,,,6.619647975
67,1,818,0.764,0.764,,,,6.619647975
68,6,2921,0.553,0.604,,5.81104472,,
69,3,2921,0.539,0.559,,5.81104472,,
70,1,2921,0.5,0.5,,5.81104472,,
71,7,2475,0.585,0.612,,,,6.428566638
72,2,2475,0.603,0.638,,,,6.428566638
73,1,3062,0.816,0.816,,4.686238868,,2.76789295
74,1,1502,0.518,0.518,,7.47301149,5.740053708,
75,4,3519,0.598,0.638,6.396199915,,5.280969515,5.739264047
76,6,3519,0.576,0.607,6.396199915,,5.280969515,5.739264047
77,10,3025,0.602,0.627,6.038040677,6.147345507,6.708815683,
78,2,3232,0.559,0.565,,,,6.168070013
79,4,3232,0.55,0.587,,,,6.168070013
80,2,3130,0.655,0.667,,5.71915394,,6.313210545
81,2,3130,0.552,0.552,,5.71915394,,6.313210545
82,4,3130,0.567,0.587,,5.71915394,,6.313210545
83,2,3130,0.558,0.569,,5.71915394,,6.313210545
84,9,902,0.682,0.732,7.069229052,,,
85,1,902,0.667,0.667,7.069229052,,,
86,9,3152,0.662,0.716,,7.384353628,4.989752877,6.322848957
87,1,3152,0.676,0.676,,7.384353628,4.989752877,6.322848957
88,4,990,0.509,0.522,,5.32258185,4.484070133,
89,2,990,0.526,0.536,,5.32258185,4.484070133,
90,4,990,0.537,0.569,,5.32258185,4.484070133,
91,3,498,0.57,0.578,,4.663656533,5.412311752,5.96637383
92,7,498,0.573,0.597,,4.663656533,5.412311752,5.96637383
93,3,2063,0.525,0.527,6.576043718,4.77368341,,
94,1,2063,0.567,0.567,6.576043718,4.77368341,,
95,2,2063,0.523,0.53,6.576043718,4.77368341,,
96,4,2063,0.534,0.583,6.576043718,4.77368341,,
97,7,480,0.542,0.574,6.495533205,,5.669179068,
98,2,480,0.603,0.639,6.495533205,,5.669179068,
99,1,480,0.517,0.517,6.495533205,,5.669179068,
100,2,1379,0.535,0.579,6.00149444,,4.772501642,
101,2,1379,0.583,0.585,6.00149444,,4.772501642,
102,1,1379,0.492,0.492,6.00149444,,4.772501642,
103,3,3402,0.521,0.527,7.048461123,5.553343305,,6.008129135
104,3,3402,0.54,0.569,7.048461123,5.553343305,,6.008129135
105,1,3402,0.541,0.541,7.048461123,5.553343305,,6.008129135
106,1,3402,0.62,0.62,7.048461123,5.553343305,,6.008129135
107,1,3402,0.596,0.596,7.048461123,5.553343305,,6.008129135
108,1,3402,0.54,0.54,7.048461123,5.553343305,,6.008129135
109,4,1191,0.564,0.621,6.182241923,,,
110,1,1191,0.548,0.548,6.182241923,,,
111,3,1191,0.52,0.526,6.182241923,,,
112,1,1191,0.596,0.596,6.182241923,,,
113,1,1191,0.562,0.562,6.182241923,,,
114,2,983,0.57,0.574,6.196405395,,,4.914309425
115,2,983,0.608,0.63,6.196405395,,,4.914309425
116,6,983,0.549,0.589,6.196405395,,,4.914309425
117,10,891,0.627,0.667,6.310498873,,2.08928974,
118,10,1285,0.65,0.672,5.90486086,,,
119,4,1763,0.604,0.611,6.818886595,5.749082955,,4.71810331
120,6,1763,0.681,0.83,6.818886595,5.749082955,,4.71810331
121,4,1664,0.591,0.596,6.011393107,5.653026855,5.495574588,5.433437555
122,6,1664,0.623,0.712,6.011393107,5.653026855,5.495574588,5.433437555
123,9,2177,0.572,0.656,6.87456773,,,
124,1,2177,0.531,0.531,6.87456773,,,
125,10,2660,0.615,0.667,,6.634048078,4.24919818,4.856294702
126,2,3341,0.562,0.6,,,,6.02859067
127,8,3341,0.558,0.606,,,,6.02859067
128,8,2305,0.538,0.566,7.16801983,5.046635412,,
129,1,2305,0.619,0.619,7.16801983,5.046635412,,
130,1,2305,0.525,0.525,7.16801983,5.046635412,,
131,10,3591,0.592,0.649,,6.264391032,4.45536569,
132,9,384,0.597,0.641,3.434587342,4.468207203,,4.680828975
133,1,2758,0.583,0.583,6.30273673,,,
134,6,958,0.513,0.564,7.520682635,6.112180515,,
135,2,958,0.557,0.591,7.520682635,6.112180515,,
136,1,2014,0.492,0.492,3.662254772,4.7849691,,
137,1,958,0.5,0.5,7.520682635,6.112180515,,
138,2,3984,0.524,0.524,,,5.275216935,6.284807875
139,6,4521,0.657,0.767,,,,4.963924383
140,1,4550,0.547,0.547,,,,5.384433152
141,1,3984,0.54,0.54,,,5.275216935,6.284807875
142,3,2033,0.55,0.571,6.820619263,6.375863372,5.220961942,5.879786
143,1,2033,0.508,0.508,6.820619263,6.375863372,5.220961942,5.879786
144,1,2033,0.557,0.557,6.820619263,6.375863372,5.220961942,5.879786
145,3,2033,0.533,0.576,6.820619263,6.375863372,5.220961942,5.879786
146,1,2033,0.5,0.5,6.820619263,6.375863372,5.220961942,5.879786
147,1,2033,0.526,0.526,6.820619263,6.375863372,5.220961942,5.879786
148,2,1379,0.496,0.508,6.00149444,,4.772501642,
149,2,1379,0.511,0.522,6.00149444,,4.772501642,
150,1,1379,0.492,0.492,6.00149444,,4.772501642,
151,10,1945,0.618,0.684,6.430027715,6.541585735,5.303019205,
152,8,693,0.666,0.811,5.503999183,,5.762859247,6.69209685
153,3,693,0.592,0.673,5.503999183,,5.762859247,6.69209685
154,2,1812,0.641,0.712,5.725068442,,6.715962757,6.936491525
155,6,1812,0.603,0.641,5.725068442,,6.715962757,6.936491525
156,1,1812,0.646,0.646,5.725068442,,6.715962757,6.936491525
157,10,1140,0.671,0.764,5.584006195,6.158324037,6.908166937,
158,29,4039,0.589,0.83,4.880023233,6.476960755,5.032280945,
159,10,2104,0.542,0.583,6.463543148,6.556153238,6.269737023,6.296327448
160,1,1812,0.585,0.585,5.725068442,,6.715962757,6.936491525
161,2,1711,0.626,0.652,,6.923698355,4.794812773,
162,7,1711,0.637,0.684,,6.923698355,4.794812773,
163,1,1711,0.652,0.652,,6.923698355,4.794812773,
164,4,4533,0.689,0.759,,,,6.57682035
165,6,4533,0.58,0.612,,,,6.57682035
166,10,2517,0.729,0.804,6.34625435,,,
167,3,4779,0.505,0.52,,,,6.163297652
168,8,4753,0.53,0.59,,,,6.072193412
169,2,4753,0.566,0.6,,,,6.072193412
170,16,4385,0.651,0.791,,,,6.149932165
171,1,4406,0.7,0.7,,,,5.158784883
172,6,1168,0.565,0.608,,4.918670342,5.838852068,6.337594522
173,2,1168,0.599,0.623,,4.918670342,5.838852068,6.337594522
174,1,1168,0.541,0.541,,4.918670342,5.838852068,6.337594522
175,1,1168,0.547,0.547,,4.918670342,5.838852068,6.337594522
176,7,2216,0.587,0.644,6.3495178,4.476346005,,4.6176576
177,2,3364,0.634,0.639,2.775252913,,,
178,1,3243,0.646,0.646,5.272406787,,,
179,4,2577,0.531,0.569,,6.121997667,4.773710355,5.439484532
180,1,2577,0.507,0.507,,6.121997667,4.773710355,5.439484532
181,2,2577,0.559,0.588,,6.121997667,4.773710355,5.439484532
182,2,2577,0.539,0.542,,6.121997667,4.773710355,5.439484532
183,1,2577,0.597,0.597,,6.121997667,4.773710355,5.439484532
184,10,4738,0.6,0.667,,,,4.785576687
185,10,2512,0.63,0.672,,5.960118485,,
186,4,3462,0.57,0.59,4.935100625,,,
187,6,2625,0.593,0.656,6.829797427,,,
188,9,2173,0.58,0.615,,6.408664265,4.51859299,
189,1,2173,0.583,0.583,,6.408664265,4.51859299,
190,6,1169,0.579,0.654,,,,4.994726167
191,1,2657,0.525,0.525,5.951268233,,4.876253692,
192,1,2657,0.531,0.531,5.951268233,,4.876253692,
193,1,2657,0.583,0.583,5.951268233,,4.876253692,
194,1,2657,0.54,0.54,5.951268233,,4.876253692,
